step	dice_multi
0	0.4956754518856507
1	0.4956754518856507
2	0.8311437615446797
3	0.8664107563900714
4	0.8758720061598962
5	0.8813609415091941
6	0.8859868340789642
7	0.8870438675711485
8	0.8863739998279211
