step	loss
0	0.09794707596302032
1	0.06273260712623596
2	0.04964512214064598
3	0.0334317609667778
4	0.03118625469505787
5	0.028102349489927292
6	0.027355549857020378
7	0.025457581505179405
8	0.025326581671833992
