step	loss
0	0.08454493433237076
1	0.06200562044978142
2	0.03343137726187706
3	0.027388891205191612
4	0.021381886675953865
5	0.02098473720252514
6	0.019444910809397697
7	0.019146587699651718
8	0.01921813189983368
