step	loss
0	0.32419633865356445
1	0.0813131332397461
2	0.05959950387477875
3	0.047634996473789215
4	0.04051433503627777
5	0.03557099774479866
6	0.031903550028800964
7	0.029244650155305862
8	0.027174947783350945
