{
    "train": {
        "loss": 0.027156127616763115
    },
    "eval": {
        "loss": 0.025326581671833992
    },
    "dice_multi": 0.8863739998279211,
    "step": 8
}
