{
    "train": {
        "loss": 0.027174947783350945
    },
    "eval": {
        "loss": 0.01921813189983368
    },
    "dice_multi": 0.9194295139955972,
    "step": 8
}
